step,time,0,1,2,3,4,5,6,7,
0, 2015/1/1 0:0:00,4,0,0,0,0,0,0,0,
1, 2015/1/1 0:5:00,4,0,0,0,0,0,0,0,
2, 2015/1/1 0:10:00,4,0,0,0,0,0,0,0,
3, 2015/1/1 0:15:00,4,0,0,0,0,0,0,0,
4, 2015/1/1 0:20:00,4,0,0,0,0,0,0,0,
5, 2015/1/1 0:25:00,4,0,0,0,0,0,0,0,
6, 2015/1/1 0:30:00,4,0,0,0,0,0,0,0,
7, 2015/1/1 0:35:00,4,0,0,0,0,0,0,0,
8, 2015/1/1 0:40:00,4,0,0,0,0,0,0,0,
9, 2015/1/1 0:45:00,4,0,0,0,0,0,0,0,
10, 2015/1/1 0:50:00,4,0,0,0,0,0,0,0,
11, 2015/1/1 0:55:00,4,0,0,0,0,0,0,0,
12, 2015/1/1 1:0:00,4,0,0,0,0,0,0,0,
13, 2015/1/1 1:5:00,4,0,0,0,0,0,0,0,
14, 2015/1/1 1:10:00,4,0,0,0,0,0,0,0,
15, 2015/1/1 1:15:00,4,0,0,0,0,0,0,0,
16, 2015/1/1 1:20:00,4,0,0,0,0,0,0,0,
17, 2015/1/1 1:25:00,4,0,0,0,0,0,0,0,
18, 2015/1/1 1:30:00,4,0,0,0,0,0,0,0,
19, 2015/1/1 1:35:00,4,0,0,0,0,0,0,0,
20, 2015/1/1 1:40:00,4,0,0,0,0,0,0,0,
21, 2015/1/1 1:45:00,4,0,0,0,0,0,0,0,
22, 2015/1/1 1:50:00,4,0,0,0,0,0,0,0,
23, 2015/1/1 1:55:00,4,0,0,0,0,0,0,0,
24, 2015/1/1 2:0:00,4,0,0,0,0,0,0,0,
25, 2015/1/1 2:5:00,4,0,0,0,0,0,0,0,
26, 2015/1/1 2:10:00,4,0,0,0,0,0,0,0,
27, 2015/1/1 2:15:00,4,0,0,0,0,0,0,0,
28, 2015/1/1 2:20:00,4,0,0,0,0,0,0,0,
29, 2015/1/1 2:25:00,4,0,0,0,0,0,0,0,
30, 2015/1/1 2:30:00,4,0,0,0,0,0,0,0,
31, 2015/1/1 2:35:00,4,0,0,0,0,0,0,0,
32, 2015/1/1 2:40:00,4,0,0,0,0,0,0,0,
33, 2015/1/1 2:45:00,4,0,0,0,0,0,0,0,
34, 2015/1/1 2:50:00,4,0,0,0,0,0,0,0,
35, 2015/1/1 2:55:00,4,0,0,0,0,0,0,0,
36, 2015/1/1 3:0:00,4,0,0,0,0,0,0,0,
37, 2015/1/1 3:5:00,4,0,0,0,0,0,0,0,
38, 2015/1/1 3:10:00,4,0,0,0,0,0,0,0,
39, 2015/1/1 3:15:00,4,0,0,0,0,0,0,0,
40, 2015/1/1 3:20:00,4,0,0,0,0,0,0,0,
41, 2015/1/1 3:25:00,4,0,0,0,0,0,0,0,
42, 2015/1/1 3:30:00,4,0,0,0,0,0,0,0,
43, 2015/1/1 3:35:00,4,0,0,0,0,0,0,0,
44, 2015/1/1 3:40:00,4,0,0,0,0,0,0,0,
45, 2015/1/1 3:45:00,4,0,0,0,0,0,0,0,
46, 2015/1/1 3:50:00,4,0,0,0,0,0,0,0,
47, 2015/1/1 3:55:00,4,0,0,0,0,0,0,0,
48, 2015/1/1 4:0:00,4,0,0,0,0,0,0,0,
49, 2015/1/1 4:5:00,4,0,0,0,0,0,0,0,
50, 2015/1/1 4:10:00,4,0,0,0,0,0,0,0,
51, 2015/1/1 4:15:00,4,0,0,0,0,0,0,0,
52, 2015/1/1 4:20:00,4,0,0,0,0,0,0,0,
53, 2015/1/1 4:25:00,4,0,0,0,0,0,0,0,
54, 2015/1/1 4:30:00,4,0,0,0,0,0,0,0,
55, 2015/1/1 4:35:00,4,0,0,0,0,0,0,0,
56, 2015/1/1 4:40:00,4,0,0,0,0,0,0,0,
57, 2015/1/1 4:45:00,4,0,0,0,0,0,0,0,
58, 2015/1/1 4:50:00,4,0,0,0,0,0,0,0,
59, 2015/1/1 4:55:00,4,0,0,0,0,0,0,0,
60, 2015/1/1 5:0:00,4,0,0,0,0,0,0,0,
61, 2015/1/1 5:5:00,4,0,0,0,0,0,0,0,
62, 2015/1/1 5:10:00,4,0,0,0,0,0,0,0,
63, 2015/1/1 5:15:00,4,0,0,0,0,0,0,0,
64, 2015/1/1 5:20:00,4,0,0,0,0,0,0,0,
65, 2015/1/1 5:25:00,4,0,0,0,0,0,0,0,
66, 2015/1/1 5:30:00,4,0,0,0,0,0,0,0,
67, 2015/1/1 5:35:00,4,0,0,0,0,0,0,0,
68, 2015/1/1 5:40:00,4,0,0,0,0,0,0,0,
69, 2015/1/1 5:45:00,4,0,0,0,0,0,0,0,
70, 2015/1/1 5:50:00,4,0,0,0,0,0,0,0,
71, 2015/1/1 5:55:00,4,0,0,0,0,0,0,0,
72, 2015/1/1 6:0:00,4,0,0,0,0,0,0,0,
73, 2015/1/1 6:5:00,4,0,0,0,0,0,0,0,
74, 2015/1/1 6:10:00,4,0,0,0,0,0,0,0,
75, 2015/1/1 6:15:00,4,0,0,0,0,0,0,0,
76, 2015/1/1 6:20:00,4,0,0,0,0,0,0,0,
77, 2015/1/1 6:25:00,4,0,0,0,0,0,0,0,
78, 2015/1/1 6:30:00,4,0,0,0,0,0,0,0,
79, 2015/1/1 6:35:00,4,0,0,0,0,0,0,0,
80, 2015/1/1 6:40:00,4,0,0,0,0,0,0,0,
81, 2015/1/1 6:45:00,4,0,0,0,0,0,0,0,
82, 2015/1/1 6:50:00,4,0,0,0,0,0,0,0,
83, 2015/1/1 6:55:00,4,0,0,0,0,0,0,0,
84, 2015/1/1 7:0:00,4,0,0,0,0,0,0,0,
85, 2015/1/1 7:5:00,4,0,0,0,0,0,0,0,
86, 2015/1/1 7:10:00,4,0,0,0,0,0,0,0,
87, 2015/1/1 7:15:00,4,0,0,0,0,0,0,0,
88, 2015/1/1 7:20:00,4,0,0,0,0,0,0,0,
89, 2015/1/1 7:25:00,4,0,0,0,0,0,0,0,
90, 2015/1/1 7:30:00,4,0,0,0,0,0,0,0,
91, 2015/1/1 7:35:00,4,0,0,0,0,0,0,0,
92, 2015/1/1 7:40:00,4,0,0,0,0,0,0,0,
93, 2015/1/1 7:45:00,4,0,0,0,0,0,0,0,
94, 2015/1/1 7:50:00,4,0,0,0,0,0,0,0,
95, 2015/1/1 7:55:00,4,0,0,0,0,0,0,0,
96, 2015/1/1 8:0:00,4,0,0,0,0,0,0,0,
97, 2015/1/1 8:5:00,0,2,2,0,0,0,0,0,
98, 2015/1/1 8:10:00,0,2,2,0,0,0,0,0,
99, 2015/1/1 8:15:00,0,2,2,0,0,0,0,0,
100, 2015/1/1 8:20:00,0,2,2,0,0,0,0,0,
101, 2015/1/1 8:25:00,0,2,2,0,0,0,0,0,
102, 2015/1/1 8:30:00,0,2,2,0,0,0,0,0,
103, 2015/1/1 8:35:00,0,2,2,0,0,0,0,0,
104, 2015/1/1 8:40:00,0,2,1,0,1,0,0,0,
105, 2015/1/1 8:45:00,0,2,2,0,0,0,0,0,
106, 2015/1/1 8:50:00,0,1,2,1,0,0,0,0,
107, 2015/1/1 8:55:00,0,1,2,1,0,0,0,0,
108, 2015/1/1 9:0:00,0,1,2,1,0,0,0,0,
109, 2015/1/1 9:5:00,0,1,2,1,0,0,0,0,
110, 2015/1/1 9:10:00,0,1,1,1,0,0,1,0,
111, 2015/1/1 9:15:00,0,2,2,0,0,0,0,0,
112, 2015/1/1 9:20:00,0,1,3,0,0,0,0,0,
113, 2015/1/1 9:25:00,0,1,3,0,0,0,0,0,
114, 2015/1/1 9:30:00,0,1,3,0,0,0,0,0,
115, 2015/1/1 9:35:00,0,2,2,0,0,0,0,0,
116, 2015/1/1 9:40:00,0,2,2,0,0,0,0,0,
117, 2015/1/1 9:45:00,0,2,1,0,0,0,1,0,
118, 2015/1/1 9:50:00,0,2,1,0,0,0,1,0,
119, 2015/1/1 9:55:00,0,2,1,0,0,0,1,0,
120, 2015/1/1 10:0:00,0,2,2,0,0,0,0,0,
121, 2015/1/1 10:5:00,0,2,2,0,0,0,0,0,
122, 2015/1/1 10:10:00,0,2,2,0,0,0,0,0,
123, 2015/1/1 10:15:00,0,1,2,1,0,0,0,0,
124, 2015/1/1 10:20:00,0,1,2,0,0,0,0,1,
125, 2015/1/1 10:25:00,0,1,3,0,0,0,0,0,
126, 2015/1/1 10:30:00,0,2,2,0,0,0,0,0,
127, 2015/1/1 10:35:00,0,2,1,0,0,0,1,0,
128, 2015/1/1 10:40:00,0,1,2,1,0,0,0,0,
129, 2015/1/1 10:45:00,0,1,1,2,0,0,0,0,
130, 2015/1/1 10:50:00,0,2,1,1,0,0,0,0,
131, 2015/1/1 10:55:00,0,2,2,0,0,0,0,0,
132, 2015/1/1 11:0:00,0,1,2,0,0,0,1,0,
133, 2015/1/1 11:5:00,0,1,3,0,0,0,0,0,
134, 2015/1/1 11:10:00,0,1,1,0,0,0,0,2,
135, 2015/1/1 11:15:00,0,2,1,0,0,0,0,1,
136, 2015/1/1 11:20:00,0,2,2,0,0,0,0,0,
137, 2015/1/1 11:25:00,0,2,2,0,0,0,0,0,
138, 2015/1/1 11:30:00,0,2,2,0,0,0,0,0,
139, 2015/1/1 11:35:00,4,0,0,0,0,0,0,0,
140, 2015/1/1 11:40:00,4,0,0,0,0,0,0,0,
141, 2015/1/1 11:45:00,4,0,0,0,0,0,0,0,
142, 2015/1/1 11:50:00,4,0,0,0,0,0,0,0,
143, 2015/1/1 11:55:00,4,0,0,0,0,0,0,0,
144, 2015/1/1 12:0:00,4,0,0,0,0,0,0,0,
145, 2015/1/1 12:5:00,0,0,0,0,0,4,0,0,
146, 2015/1/1 12:10:00,0,0,0,0,0,4,0,0,
147, 2015/1/1 12:15:00,0,0,0,0,0,4,0,0,
148, 2015/1/1 12:20:00,0,0,0,0,0,4,0,0,
149, 2015/1/1 12:25:00,0,0,0,0,0,4,0,0,
150, 2015/1/1 12:30:00,0,0,0,0,0,4,0,0,
151, 2015/1/1 12:35:00,0,0,0,0,0,4,0,0,
152, 2015/1/1 12:40:00,0,0,0,0,0,4,0,0,
153, 2015/1/1 12:45:00,0,0,0,0,0,4,0,0,
154, 2015/1/1 12:50:00,0,0,0,0,0,4,0,0,
155, 2015/1/1 12:55:00,0,0,0,0,0,4,0,0,
156, 2015/1/1 13:0:00,0,0,0,0,0,4,0,0,
157, 2015/1/1 13:5:00,0,0,0,0,0,4,0,0,
158, 2015/1/1 13:10:00,0,0,0,0,0,4,0,0,
159, 2015/1/1 13:15:00,0,0,0,0,0,4,0,0,
160, 2015/1/1 13:20:00,0,0,0,0,0,4,0,0,
161, 2015/1/1 13:25:00,0,0,0,0,0,4,0,0,
162, 2015/1/1 13:30:00,0,0,0,0,0,4,0,0,
163, 2015/1/1 13:35:00,0,0,0,0,0,4,0,0,
164, 2015/1/1 13:40:00,0,0,0,0,0,4,0,0,
165, 2015/1/1 13:45:00,0,0,0,0,0,4,0,0,
166, 2015/1/1 13:50:00,0,0,0,0,0,4,0,0,
167, 2015/1/1 13:55:00,0,0,0,0,0,4,0,0,
168, 2015/1/1 14:0:00,0,0,0,0,0,4,0,0,
169, 2015/1/1 14:5:00,0,0,1,0,0,0,1,2,
170, 2015/1/1 14:10:00,0,0,3,0,0,0,1,0,
171, 2015/1/1 14:15:00,0,1,3,0,0,0,0,0,
172, 2015/1/1 14:20:00,0,1,3,0,0,0,0,0,
173, 2015/1/1 14:25:00,0,1,3,0,0,0,0,0,
174, 2015/1/1 14:30:00,0,1,3,0,0,0,0,0,
175, 2015/1/1 14:35:00,0,1,2,0,1,0,0,0,
176, 2015/1/1 14:40:00,0,1,2,0,1,0,0,0,
177, 2015/1/1 14:45:00,0,1,3,0,0,0,0,0,
178, 2015/1/1 14:50:00,0,2,2,0,0,0,0,0,
179, 2015/1/1 14:55:00,0,2,2,0,0,0,0,0,
180, 2015/1/1 15:0:00,0,2,2,0,0,0,0,0,
181, 2015/1/1 15:5:00,0,2,2,0,0,0,0,0,
182, 2015/1/1 15:10:00,0,2,2,0,0,0,0,0,
183, 2015/1/1 15:15:00,0,2,1,0,0,0,1,0,
184, 2015/1/1 15:20:00,0,2,2,0,0,0,0,0,
185, 2015/1/1 15:25:00,0,2,2,0,0,0,0,0,
186, 2015/1/1 15:30:00,0,2,2,0,0,0,0,0,
187, 2015/1/1 15:35:00,0,2,1,0,1,0,0,0,
188, 2015/1/1 15:40:00,0,2,1,0,1,0,0,0,
189, 2015/1/1 15:45:00,0,1,2,0,0,0,0,1,
190, 2015/1/1 15:50:00,0,2,2,0,0,0,0,0,
191, 2015/1/1 15:55:00,0,2,2,0,0,0,0,0,
192, 2015/1/1 16:0:00,0,2,1,0,1,0,0,0,
193, 2015/1/1 16:5:00,0,2,1,0,1,0,0,0,
194, 2015/1/1 16:10:00,0,1,1,0,1,0,1,0,
195, 2015/1/1 16:15:00,0,0,1,0,1,0,2,0,
196, 2015/1/1 16:20:00,0,1,2,0,0,0,1,0,
197, 2015/1/1 16:25:00,0,2,2,0,0,0,0,0,
198, 2015/1/1 16:30:00,0,2,1,1,0,0,0,0,
199, 2015/1/1 16:35:00,0,2,2,0,0,0,0,0,
200, 2015/1/1 16:40:00,0,2,1,1,0,0,0,0,
201, 2015/1/1 16:45:00,0,2,1,1,0,0,0,0,
202, 2015/1/1 16:50:00,0,2,2,0,0,0,0,0,
203, 2015/1/1 16:55:00,0,1,2,0,0,0,0,1,
204, 2015/1/1 17:0:00,0,2,2,0,0,0,0,0,
205, 2015/1/1 17:5:00,0,1,2,1,0,0,0,0,
206, 2015/1/1 17:10:00,0,1,2,1,0,0,0,0,
207, 2015/1/1 17:15:00,0,1,2,1,0,0,0,0,
208, 2015/1/1 17:20:00,0,1,2,1,0,0,0,0,
209, 2015/1/1 17:25:00,0,2,2,0,0,0,0,0,
210, 2015/1/1 17:30:00,0,1,2,0,1,0,0,0,
211, 2015/1/1 17:35:00,0,1,1,0,1,0,1,0,
212, 2015/1/1 17:40:00,0,1,2,0,1,0,0,0,
213, 2015/1/1 17:45:00,0,2,1,0,0,0,0,1,
214, 2015/1/1 17:50:00,0,2,1,0,0,0,0,1,
215, 2015/1/1 17:55:00,0,1,1,1,0,0,0,1,
216, 2015/1/1 18:0:00,0,1,2,1,0,0,0,0,
217, 2015/1/1 18:5:00,4,0,0,0,0,0,0,0,
218, 2015/1/1 18:10:00,4,0,0,0,0,0,0,0,
219, 2015/1/1 18:15:00,4,0,0,0,0,0,0,0,
220, 2015/1/1 18:20:00,4,0,0,0,0,0,0,0,
221, 2015/1/1 18:25:00,4,0,0,0,0,0,0,0,
222, 2015/1/1 18:30:00,4,0,0,0,0,0,0,0,
223, 2015/1/1 18:35:00,4,0,0,0,0,0,0,0,
224, 2015/1/1 18:40:00,4,0,0,0,0,0,0,0,
225, 2015/1/1 18:45:00,4,0,0,0,0,0,0,0,
226, 2015/1/1 18:50:00,4,0,0,0,0,0,0,0,
227, 2015/1/1 18:55:00,4,0,0,0,0,0,0,0,
228, 2015/1/1 19:0:00,4,0,0,0,0,0,0,0,
229, 2015/1/1 19:5:00,4,0,0,0,0,0,0,0,
230, 2015/1/1 19:10:00,4,0,0,0,0,0,0,0,
231, 2015/1/1 19:15:00,4,0,0,0,0,0,0,0,
232, 2015/1/1 19:20:00,4,0,0,0,0,0,0,0,
233, 2015/1/1 19:25:00,4,0,0,0,0,0,0,0,
234, 2015/1/1 19:30:00,4,0,0,0,0,0,0,0,
235, 2015/1/1 19:35:00,4,0,0,0,0,0,0,0,
236, 2015/1/1 19:40:00,4,0,0,0,0,0,0,0,
237, 2015/1/1 19:45:00,4,0,0,0,0,0,0,0,
238, 2015/1/1 19:50:00,4,0,0,0,0,0,0,0,
239, 2015/1/1 19:55:00,4,0,0,0,0,0,0,0,
240, 2015/1/1 20:0:00,4,0,0,0,0,0,0,0,
241, 2015/1/1 20:5:00,4,0,0,0,0,0,0,0,
242, 2015/1/1 20:10:00,4,0,0,0,0,0,0,0,
243, 2015/1/1 20:15:00,4,0,0,0,0,0,0,0,
244, 2015/1/1 20:20:00,4,0,0,0,0,0,0,0,
245, 2015/1/1 20:25:00,4,0,0,0,0,0,0,0,
246, 2015/1/1 20:30:00,4,0,0,0,0,0,0,0,
247, 2015/1/1 20:35:00,4,0,0,0,0,0,0,0,
248, 2015/1/1 20:40:00,4,0,0,0,0,0,0,0,
249, 2015/1/1 20:45:00,4,0,0,0,0,0,0,0,
250, 2015/1/1 20:50:00,4,0,0,0,0,0,0,0,
251, 2015/1/1 20:55:00,4,0,0,0,0,0,0,0,
252, 2015/1/1 21:0:00,4,0,0,0,0,0,0,0,
253, 2015/1/1 21:5:00,4,0,0,0,0,0,0,0,
254, 2015/1/1 21:10:00,4,0,0,0,0,0,0,0,
255, 2015/1/1 21:15:00,4,0,0,0,0,0,0,0,
256, 2015/1/1 21:20:00,4,0,0,0,0,0,0,0,
257, 2015/1/1 21:25:00,4,0,0,0,0,0,0,0,
258, 2015/1/1 21:30:00,4,0,0,0,0,0,0,0,
259, 2015/1/1 21:35:00,4,0,0,0,0,0,0,0,
260, 2015/1/1 21:40:00,4,0,0,0,0,0,0,0,
261, 2015/1/1 21:45:00,4,0,0,0,0,0,0,0,
262, 2015/1/1 21:50:00,4,0,0,0,0,0,0,0,
263, 2015/1/1 21:55:00,4,0,0,0,0,0,0,0,
264, 2015/1/1 22:0:00,4,0,0,0,0,0,0,0,
265, 2015/1/1 22:5:00,4,0,0,0,0,0,0,0,
266, 2015/1/1 22:10:00,4,0,0,0,0,0,0,0,
267, 2015/1/1 22:15:00,4,0,0,0,0,0,0,0,
268, 2015/1/1 22:20:00,4,0,0,0,0,0,0,0,
269, 2015/1/1 22:25:00,4,0,0,0,0,0,0,0,
270, 2015/1/1 22:30:00,4,0,0,0,0,0,0,0,
271, 2015/1/1 22:35:00,4,0,0,0,0,0,0,0,
272, 2015/1/1 22:40:00,4,0,0,0,0,0,0,0,
273, 2015/1/1 22:45:00,4,0,0,0,0,0,0,0,
274, 2015/1/1 22:50:00,4,0,0,0,0,0,0,0,
275, 2015/1/1 22:55:00,4,0,0,0,0,0,0,0,
276, 2015/1/1 23:0:00,4,0,0,0,0,0,0,0,
277, 2015/1/1 23:5:00,4,0,0,0,0,0,0,0,
278, 2015/1/1 23:10:00,4,0,0,0,0,0,0,0,
279, 2015/1/1 23:15:00,4,0,0,0,0,0,0,0,
280, 2015/1/1 23:20:00,4,0,0,0,0,0,0,0,
281, 2015/1/1 23:25:00,4,0,0,0,0,0,0,0,
282, 2015/1/1 23:30:00,4,0,0,0,0,0,0,0,
283, 2015/1/1 23:35:00,4,0,0,0,0,0,0,0,
284, 2015/1/1 23:40:00,4,0,0,0,0,0,0,0,
285, 2015/1/1 23:45:00,4,0,0,0,0,0,0,0,
286, 2015/1/1 23:50:00,4,0,0,0,0,0,0,0,
287, 2015/1/1 23:55:00,4,0,0,0,0,0,0,0,
288, 2015/1/2 0:0:00,4,0,0,0,0,0,0,0,
289, 2015/1/2 0:5:00,4,0,0,0,0,0,0,0,
290, 2015/1/2 0:10:00,4,0,0,0,0,0,0,0,
291, 2015/1/2 0:15:00,4,0,0,0,0,0,0,0,
292, 2015/1/2 0:20:00,4,0,0,0,0,0,0,0,
293, 2015/1/2 0:25:00,4,0,0,0,0,0,0,0,
294, 2015/1/2 0:30:00,4,0,0,0,0,0,0,0,
295, 2015/1/2 0:35:00,4,0,0,0,0,0,0,0,
296, 2015/1/2 0:40:00,4,0,0,0,0,0,0,0,
297, 2015/1/2 0:45:00,4,0,0,0,0,0,0,0,
298, 2015/1/2 0:50:00,4,0,0,0,0,0,0,0,
299, 2015/1/2 0:55:00,4,0,0,0,0,0,0,0,
300, 2015/1/2 1:0:00,4,0,0,0,0,0,0,0,
301, 2015/1/2 1:5:00,4,0,0,0,0,0,0,0,
302, 2015/1/2 1:10:00,4,0,0,0,0,0,0,0,
303, 2015/1/2 1:15:00,4,0,0,0,0,0,0,0,
304, 2015/1/2 1:20:00,4,0,0,0,0,0,0,0,
305, 2015/1/2 1:25:00,4,0,0,0,0,0,0,0,
306, 2015/1/2 1:30:00,4,0,0,0,0,0,0,0,
307, 2015/1/2 1:35:00,4,0,0,0,0,0,0,0,
308, 2015/1/2 1:40:00,4,0,0,0,0,0,0,0,
309, 2015/1/2 1:45:00,4,0,0,0,0,0,0,0,
310, 2015/1/2 1:50:00,4,0,0,0,0,0,0,0,
311, 2015/1/2 1:55:00,4,0,0,0,0,0,0,0,
312, 2015/1/2 2:0:00,4,0,0,0,0,0,0,0,
313, 2015/1/2 2:5:00,4,0,0,0,0,0,0,0,
314, 2015/1/2 2:10:00,4,0,0,0,0,0,0,0,
315, 2015/1/2 2:15:00,4,0,0,0,0,0,0,0,
316, 2015/1/2 2:20:00,4,0,0,0,0,0,0,0,
317, 2015/1/2 2:25:00,4,0,0,0,0,0,0,0,
318, 2015/1/2 2:30:00,4,0,0,0,0,0,0,0,
319, 2015/1/2 2:35:00,4,0,0,0,0,0,0,0,
320, 2015/1/2 2:40:00,4,0,0,0,0,0,0,0,
321, 2015/1/2 2:45:00,4,0,0,0,0,0,0,0,
322, 2015/1/2 2:50:00,4,0,0,0,0,0,0,0,
323, 2015/1/2 2:55:00,4,0,0,0,0,0,0,0,
324, 2015/1/2 3:0:00,4,0,0,0,0,0,0,0,
325, 2015/1/2 3:5:00,4,0,0,0,0,0,0,0,
326, 2015/1/2 3:10:00,4,0,0,0,0,0,0,0,
327, 2015/1/2 3:15:00,4,0,0,0,0,0,0,0,
328, 2015/1/2 3:20:00,4,0,0,0,0,0,0,0,
329, 2015/1/2 3:25:00,4,0,0,0,0,0,0,0,
330, 2015/1/2 3:30:00,4,0,0,0,0,0,0,0,
331, 2015/1/2 3:35:00,4,0,0,0,0,0,0,0,
332, 2015/1/2 3:40:00,4,0,0,0,0,0,0,0,
333, 2015/1/2 3:45:00,4,0,0,0,0,0,0,0,
334, 2015/1/2 3:50:00,4,0,0,0,0,0,0,0,
335, 2015/1/2 3:55:00,4,0,0,0,0,0,0,0,
336, 2015/1/2 4:0:00,4,0,0,0,0,0,0,0,
337, 2015/1/2 4:5:00,4,0,0,0,0,0,0,0,
338, 2015/1/2 4:10:00,4,0,0,0,0,0,0,0,
339, 2015/1/2 4:15:00,4,0,0,0,0,0,0,0,
340, 2015/1/2 4:20:00,4,0,0,0,0,0,0,0,
341, 2015/1/2 4:25:00,4,0,0,0,0,0,0,0,
342, 2015/1/2 4:30:00,4,0,0,0,0,0,0,0,
343, 2015/1/2 4:35:00,4,0,0,0,0,0,0,0,
344, 2015/1/2 4:40:00,4,0,0,0,0,0,0,0,
345, 2015/1/2 4:45:00,4,0,0,0,0,0,0,0,
346, 2015/1/2 4:50:00,4,0,0,0,0,0,0,0,
347, 2015/1/2 4:55:00,4,0,0,0,0,0,0,0,
348, 2015/1/2 5:0:00,4,0,0,0,0,0,0,0,
349, 2015/1/2 5:5:00,4,0,0,0,0,0,0,0,
350, 2015/1/2 5:10:00,4,0,0,0,0,0,0,0,
351, 2015/1/2 5:15:00,4,0,0,0,0,0,0,0,
352, 2015/1/2 5:20:00,4,0,0,0,0,0,0,0,
353, 2015/1/2 5:25:00,4,0,0,0,0,0,0,0,
354, 2015/1/2 5:30:00,4,0,0,0,0,0,0,0,
355, 2015/1/2 5:35:00,4,0,0,0,0,0,0,0,
356, 2015/1/2 5:40:00,4,0,0,0,0,0,0,0,
357, 2015/1/2 5:45:00,4,0,0,0,0,0,0,0,
358, 2015/1/2 5:50:00,4,0,0,0,0,0,0,0,
359, 2015/1/2 5:55:00,4,0,0,0,0,0,0,0,
360, 2015/1/2 6:0:00,4,0,0,0,0,0,0,0,
361, 2015/1/2 6:5:00,4,0,0,0,0,0,0,0,
362, 2015/1/2 6:10:00,4,0,0,0,0,0,0,0,
363, 2015/1/2 6:15:00,4,0,0,0,0,0,0,0,
364, 2015/1/2 6:20:00,4,0,0,0,0,0,0,0,
365, 2015/1/2 6:25:00,4,0,0,0,0,0,0,0,
366, 2015/1/2 6:30:00,4,0,0,0,0,0,0,0,
367, 2015/1/2 6:35:00,4,0,0,0,0,0,0,0,
368, 2015/1/2 6:40:00,4,0,0,0,0,0,0,0,
369, 2015/1/2 6:45:00,4,0,0,0,0,0,0,0,
370, 2015/1/2 6:50:00,4,0,0,0,0,0,0,0,
371, 2015/1/2 6:55:00,4,0,0,0,0,0,0,0,
372, 2015/1/2 7:0:00,4,0,0,0,0,0,0,0,
373, 2015/1/2 7:5:00,4,0,0,0,0,0,0,0,
374, 2015/1/2 7:10:00,4,0,0,0,0,0,0,0,
375, 2015/1/2 7:15:00,4,0,0,0,0,0,0,0,
376, 2015/1/2 7:20:00,4,0,0,0,0,0,0,0,
377, 2015/1/2 7:25:00,4,0,0,0,0,0,0,0,
378, 2015/1/2 7:30:00,4,0,0,0,0,0,0,0,
379, 2015/1/2 7:35:00,4,0,0,0,0,0,0,0,
380, 2015/1/2 7:40:00,4,0,0,0,0,0,0,0,
381, 2015/1/2 7:45:00,4,0,0,0,0,0,0,0,
382, 2015/1/2 7:50:00,4,0,0,0,0,0,0,0,
383, 2015/1/2 7:55:00,4,0,0,0,0,0,0,0,
384, 2015/1/2 8:0:00,4,0,0,0,0,0,0,0,
385, 2015/1/2 8:5:00,0,2,2,0,0,0,0,0,
386, 2015/1/2 8:10:00,0,2,2,0,0,0,0,0,
387, 2015/1/2 8:15:00,0,2,2,0,0,0,0,0,
388, 2015/1/2 8:20:00,0,2,2,0,0,0,0,0,
389, 2015/1/2 8:25:00,0,2,2,0,0,0,0,0,
390, 2015/1/2 8:30:00,0,2,2,0,0,0,0,0,
391, 2015/1/2 8:35:00,0,2,2,0,0,0,0,0,
392, 2015/1/2 8:40:00,0,2,2,0,0,0,0,0,
393, 2015/1/2 8:45:00,0,2,2,0,0,0,0,0,
394, 2015/1/2 8:50:00,0,2,1,1,0,0,0,0,
395, 2015/1/2 8:55:00,0,2,1,1,0,0,0,0,
396, 2015/1/2 9:0:00,0,2,2,0,0,0,0,0,
397, 2015/1/2 9:5:00,0,2,2,0,0,0,0,0,
398, 2015/1/2 9:10:00,0,2,2,0,0,0,0,0,
399, 2015/1/2 9:15:00,0,2,1,0,0,0,0,1,
400, 2015/1/2 9:20:00,0,2,0,0,0,0,0,2,
401, 2015/1/2 9:25:00,0,2,1,0,0,0,0,1,
402, 2015/1/2 9:30:00,0,2,1,0,0,0,0,1,
403, 2015/1/2 9:35:00,0,2,1,0,0,0,0,1,
404, 2015/1/2 9:40:00,0,2,1,0,0,0,0,1,
405, 2015/1/2 9:45:00,0,1,2,1,0,0,0,0,
406, 2015/1/2 9:50:00,0,1,2,1,0,0,0,0,
407, 2015/1/2 9:55:00,0,1,2,1,0,0,0,0,
408, 2015/1/2 10:0:00,0,2,2,0,0,0,0,0,
409, 2015/1/2 10:5:00,0,2,2,0,0,0,0,0,
410, 2015/1/2 10:10:00,0,2,1,1,0,0,0,0,
411, 2015/1/2 10:15:00,0,2,2,0,0,0,0,0,
412, 2015/1/2 10:20:00,0,2,1,0,1,0,0,0,
413, 2015/1/2 10:25:00,0,1,1,0,1,0,0,1,
414, 2015/1/2 10:30:00,0,1,2,0,0,0,0,1,
415, 2015/1/2 10:35:00,0,1,2,0,0,0,0,1,
416, 2015/1/2 10:40:00,0,1,2,0,1,0,0,0,
417, 2015/1/2 10:45:00,0,1,2,1,0,0,0,0,
418, 2015/1/2 10:50:00,0,1,2,1,0,0,0,0,
419, 2015/1/2 10:55:00,0,1,2,1,0,0,0,0,
420, 2015/1/2 11:0:00,0,2,2,0,0,0,0,0,
421, 2015/1/2 11:5:00,0,2,2,0,0,0,0,0,
422, 2015/1/2 11:10:00,0,2,2,0,0,0,0,0,
423, 2015/1/2 11:15:00,0,1,2,0,0,0,1,0,
424, 2015/1/2 11:20:00,0,2,2,0,0,0,0,0,
425, 2015/1/2 11:25:00,0,1,2,1,0,0,0,0,
426, 2015/1/2 11:30:00,0,1,2,1,0,0,0,0,
427, 2015/1/2 11:35:00,4,0,0,0,0,0,0,0,
428, 2015/1/2 11:40:00,4,0,0,0,0,0,0,0,
429, 2015/1/2 11:45:00,4,0,0,0,0,0,0,0,
430, 2015/1/2 11:50:00,4,0,0,0,0,0,0,0,
431, 2015/1/2 11:55:00,4,0,0,0,0,0,0,0,
432, 2015/1/2 12:0:00,4,0,0,0,0,0,0,0,
433, 2015/1/2 12:5:00,0,0,0,0,0,4,0,0,
434, 2015/1/2 12:10:00,0,0,0,0,0,4,0,0,
435, 2015/1/2 12:15:00,0,0,0,0,0,4,0,0,
436, 2015/1/2 12:20:00,0,0,0,0,0,4,0,0,
437, 2015/1/2 12:25:00,0,0,0,0,0,4,0,0,
438, 2015/1/2 12:30:00,0,0,0,0,0,4,0,0,
439, 2015/1/2 12:35:00,0,0,0,0,0,4,0,0,
440, 2015/1/2 12:40:00,0,0,0,0,0,4,0,0,
441, 2015/1/2 12:45:00,0,0,0,0,0,4,0,0,
442, 2015/1/2 12:50:00,0,0,0,0,0,4,0,0,
443, 2015/1/2 12:55:00,0,0,0,0,0,4,0,0,
444, 2015/1/2 13:0:00,0,0,0,0,0,4,0,0,
445, 2015/1/2 13:5:00,0,0,0,0,0,4,0,0,
446, 2015/1/2 13:10:00,0,0,0,0,0,4,0,0,
447, 2015/1/2 13:15:00,0,0,0,0,0,4,0,0,
448, 2015/1/2 13:20:00,0,0,0,0,0,4,0,0,
449, 2015/1/2 13:25:00,0,0,0,0,0,4,0,0,
450, 2015/1/2 13:30:00,0,0,0,0,0,4,0,0,
451, 2015/1/2 13:35:00,0,0,0,0,0,4,0,0,
452, 2015/1/2 13:40:00,0,0,0,0,0,4,0,0,
453, 2015/1/2 13:45:00,0,0,0,0,0,4,0,0,
454, 2015/1/2 13:50:00,0,0,0,0,0,4,0,0,
455, 2015/1/2 13:55:00,0,0,0,0,0,4,0,0,
456, 2015/1/2 14:0:00,0,0,0,0,0,4,0,0,
457, 2015/1/2 14:5:00,0,0,1,0,2,0,0,1,
458, 2015/1/2 14:10:00,0,0,1,1,2,0,0,0,
459, 2015/1/2 14:15:00,0,0,2,0,1,0,0,1,
460, 2015/1/2 14:20:00,0,1,2,0,1,0,0,0,
461, 2015/1/2 14:25:00,0,2,2,0,0,0,0,0,
462, 2015/1/2 14:30:00,0,2,1,1,0,0,0,0,
463, 2015/1/2 14:35:00,0,2,1,1,0,0,0,0,
464, 2015/1/2 14:40:00,0,2,1,1,0,0,0,0,
465, 2015/1/2 14:45:00,0,2,2,0,0,0,0,0,
466, 2015/1/2 14:50:00,0,2,1,0,1,0,0,0,
467, 2015/1/2 14:55:00,0,2,1,0,1,0,0,0,
468, 2015/1/2 15:0:00,0,1,2,1,0,0,0,0,
469, 2015/1/2 15:5:00,0,1,2,0,0,0,1,0,
470, 2015/1/2 15:10:00,0,1,2,1,0,0,0,0,
471, 2015/1/2 15:15:00,0,1,2,0,0,0,0,1,
472, 2015/1/2 15:20:00,0,1,2,0,0,0,0,1,
473, 2015/1/2 15:25:00,0,1,2,0,0,0,0,1,
474, 2015/1/2 15:30:00,0,1,2,0,0,0,0,1,
475, 2015/1/2 15:35:00,0,2,1,0,0,0,1,0,
476, 2015/1/2 15:40:00,0,3,1,0,0,0,0,0,
477, 2015/1/2 15:45:00,0,2,2,0,0,0,0,0,
478, 2015/1/2 15:50:00,0,2,1,1,0,0,0,0,
479, 2015/1/2 15:55:00,0,2,0,1,0,0,0,1,
480, 2015/1/2 16:0:00,0,2,1,1,0,0,0,0,
481, 2015/1/2 16:5:00,0,2,2,0,0,0,0,0,
482, 2015/1/2 16:10:00,0,2,2,0,0,0,0,0,
483, 2015/1/2 16:15:00,0,2,2,0,0,0,0,0,
484, 2015/1/2 16:20:00,0,2,2,0,0,0,0,0,
485, 2015/1/2 16:25:00,0,1,1,0,0,0,0,2,
486, 2015/1/2 16:30:00,0,2,1,0,0,0,0,1,
487, 2015/1/2 16:35:00,0,2,1,0,0,0,0,1,
488, 2015/1/2 16:40:00,0,2,0,1,0,0,0,1,
489, 2015/1/2 16:45:00,0,1,2,0,0,0,1,0,
490, 2015/1/2 16:50:00,0,2,2,0,0,0,0,0,
491, 2015/1/2 16:55:00,0,2,2,0,0,0,0,0,
492, 2015/1/2 17:0:00,0,2,2,0,0,0,0,0,
493, 2015/1/2 17:5:00,0,2,1,0,0,0,0,1,
494, 2015/1/2 17:10:00,0,2,2,0,0,0,0,0,
495, 2015/1/2 17:15:00,0,1,2,1,0,0,0,0,
496, 2015/1/2 17:20:00,0,1,1,1,1,0,0,0,
497, 2015/1/2 17:25:00,0,1,1,1,1,0,0,0,
498, 2015/1/2 17:30:00,0,1,1,0,1,0,0,1,
499, 2015/1/2 17:35:00,0,1,1,0,0,0,1,1,
500, 2015/1/2 17:40:00,0,1,1,0,0,0,1,1,
501, 2015/1/2 17:45:00,0,1,1,1,0,0,0,1,
502, 2015/1/2 17:50:00,0,1,1,1,0,0,0,1,
503, 2015/1/2 17:55:00,0,1,0,0,2,0,0,1,
504, 2015/1/2 18:0:00,0,1,1,0,2,0,0,0,
505, 2015/1/2 18:5:00,4,0,0,0,0,0,0,0,
506, 2015/1/2 18:10:00,4,0,0,0,0,0,0,0,
507, 2015/1/2 18:15:00,4,0,0,0,0,0,0,0,
508, 2015/1/2 18:20:00,4,0,0,0,0,0,0,0,
509, 2015/1/2 18:25:00,4,0,0,0,0,0,0,0,
510, 2015/1/2 18:30:00,4,0,0,0,0,0,0,0,
511, 2015/1/2 18:35:00,4,0,0,0,0,0,0,0,
512, 2015/1/2 18:40:00,4,0,0,0,0,0,0,0,
513, 2015/1/2 18:45:00,4,0,0,0,0,0,0,0,
514, 2015/1/2 18:50:00,4,0,0,0,0,0,0,0,
515, 2015/1/2 18:55:00,4,0,0,0,0,0,0,0,
516, 2015/1/2 19:0:00,4,0,0,0,0,0,0,0,
517, 2015/1/2 19:5:00,4,0,0,0,0,0,0,0,
518, 2015/1/2 19:10:00,4,0,0,0,0,0,0,0,
519, 2015/1/2 19:15:00,4,0,0,0,0,0,0,0,
520, 2015/1/2 19:20:00,4,0,0,0,0,0,0,0,
521, 2015/1/2 19:25:00,4,0,0,0,0,0,0,0,
522, 2015/1/2 19:30:00,4,0,0,0,0,0,0,0,
523, 2015/1/2 19:35:00,4,0,0,0,0,0,0,0,
524, 2015/1/2 19:40:00,4,0,0,0,0,0,0,0,
525, 2015/1/2 19:45:00,4,0,0,0,0,0,0,0,
526, 2015/1/2 19:50:00,4,0,0,0,0,0,0,0,
527, 2015/1/2 19:55:00,4,0,0,0,0,0,0,0,
528, 2015/1/2 20:0:00,4,0,0,0,0,0,0,0,
529, 2015/1/2 20:5:00,4,0,0,0,0,0,0,0,
530, 2015/1/2 20:10:00,4,0,0,0,0,0,0,0,
531, 2015/1/2 20:15:00,4,0,0,0,0,0,0,0,
532, 2015/1/2 20:20:00,4,0,0,0,0,0,0,0,
533, 2015/1/2 20:25:00,4,0,0,0,0,0,0,0,
534, 2015/1/2 20:30:00,4,0,0,0,0,0,0,0,
535, 2015/1/2 20:35:00,4,0,0,0,0,0,0,0,
536, 2015/1/2 20:40:00,4,0,0,0,0,0,0,0,
537, 2015/1/2 20:45:00,4,0,0,0,0,0,0,0,
538, 2015/1/2 20:50:00,4,0,0,0,0,0,0,0,
539, 2015/1/2 20:55:00,4,0,0,0,0,0,0,0,
540, 2015/1/2 21:0:00,4,0,0,0,0,0,0,0,
541, 2015/1/2 21:5:00,4,0,0,0,0,0,0,0,
542, 2015/1/2 21:10:00,4,0,0,0,0,0,0,0,
543, 2015/1/2 21:15:00,4,0,0,0,0,0,0,0,
544, 2015/1/2 21:20:00,4,0,0,0,0,0,0,0,
545, 2015/1/2 21:25:00,4,0,0,0,0,0,0,0,
546, 2015/1/2 21:30:00,4,0,0,0,0,0,0,0,
547, 2015/1/2 21:35:00,4,0,0,0,0,0,0,0,
548, 2015/1/2 21:40:00,4,0,0,0,0,0,0,0,
549, 2015/1/2 21:45:00,4,0,0,0,0,0,0,0,
550, 2015/1/2 21:50:00,4,0,0,0,0,0,0,0,
551, 2015/1/2 21:55:00,4,0,0,0,0,0,0,0,
552, 2015/1/2 22:0:00,4,0,0,0,0,0,0,0,
553, 2015/1/2 22:5:00,4,0,0,0,0,0,0,0,
554, 2015/1/2 22:10:00,4,0,0,0,0,0,0,0,
555, 2015/1/2 22:15:00,4,0,0,0,0,0,0,0,
556, 2015/1/2 22:20:00,4,0,0,0,0,0,0,0,
557, 2015/1/2 22:25:00,4,0,0,0,0,0,0,0,
558, 2015/1/2 22:30:00,4,0,0,0,0,0,0,0,
559, 2015/1/2 22:35:00,4,0,0,0,0,0,0,0,
560, 2015/1/2 22:40:00,4,0,0,0,0,0,0,0,
561, 2015/1/2 22:45:00,4,0,0,0,0,0,0,0,
562, 2015/1/2 22:50:00,4,0,0,0,0,0,0,0,
563, 2015/1/2 22:55:00,4,0,0,0,0,0,0,0,
564, 2015/1/2 23:0:00,4,0,0,0,0,0,0,0,
565, 2015/1/2 23:5:00,4,0,0,0,0,0,0,0,
566, 2015/1/2 23:10:00,4,0,0,0,0,0,0,0,
567, 2015/1/2 23:15:00,4,0,0,0,0,0,0,0,
568, 2015/1/2 23:20:00,4,0,0,0,0,0,0,0,
569, 2015/1/2 23:25:00,4,0,0,0,0,0,0,0,
570, 2015/1/2 23:30:00,4,0,0,0,0,0,0,0,
571, 2015/1/2 23:35:00,4,0,0,0,0,0,0,0,
572, 2015/1/2 23:40:00,4,0,0,0,0,0,0,0,
573, 2015/1/2 23:45:00,4,0,0,0,0,0,0,0,
574, 2015/1/2 23:50:00,4,0,0,0,0,0,0,0,
575, 2015/1/2 23:55:00,4,0,0,0,0,0,0,0,
576, 2015/1/3 0:0:00,4,0,0,0,0,0,0,0,
577, 2015/1/3 0:5:00,4,0,0,0,0,0,0,0,
578, 2015/1/3 0:10:00,4,0,0,0,0,0,0,0,
579, 2015/1/3 0:15:00,4,0,0,0,0,0,0,0,
580, 2015/1/3 0:20:00,4,0,0,0,0,0,0,0,
581, 2015/1/3 0:25:00,4,0,0,0,0,0,0,0,
582, 2015/1/3 0:30:00,4,0,0,0,0,0,0,0,
583, 2015/1/3 0:35:00,4,0,0,0,0,0,0,0,
584, 2015/1/3 0:40:00,4,0,0,0,0,0,0,0,
585, 2015/1/3 0:45:00,4,0,0,0,0,0,0,0,
586, 2015/1/3 0:50:00,4,0,0,0,0,0,0,0,
587, 2015/1/3 0:55:00,4,0,0,0,0,0,0,0,
588, 2015/1/3 1:0:00,4,0,0,0,0,0,0,0,
589, 2015/1/3 1:5:00,4,0,0,0,0,0,0,0,
590, 2015/1/3 1:10:00,4,0,0,0,0,0,0,0,
591, 2015/1/3 1:15:00,4,0,0,0,0,0,0,0,
592, 2015/1/3 1:20:00,4,0,0,0,0,0,0,0,
593, 2015/1/3 1:25:00,4,0,0,0,0,0,0,0,
594, 2015/1/3 1:30:00,4,0,0,0,0,0,0,0,
595, 2015/1/3 1:35:00,4,0,0,0,0,0,0,0,
596, 2015/1/3 1:40:00,4,0,0,0,0,0,0,0,
597, 2015/1/3 1:45:00,4,0,0,0,0,0,0,0,
598, 2015/1/3 1:50:00,4,0,0,0,0,0,0,0,
599, 2015/1/3 1:55:00,4,0,0,0,0,0,0,0,
600, 2015/1/3 2:0:00,4,0,0,0,0,0,0,0,
601, 2015/1/3 2:5:00,4,0,0,0,0,0,0,0,
602, 2015/1/3 2:10:00,4,0,0,0,0,0,0,0,
603, 2015/1/3 2:15:00,4,0,0,0,0,0,0,0,
604, 2015/1/3 2:20:00,4,0,0,0,0,0,0,0,
605, 2015/1/3 2:25:00,4,0,0,0,0,0,0,0,
606, 2015/1/3 2:30:00,4,0,0,0,0,0,0,0,
607, 2015/1/3 2:35:00,4,0,0,0,0,0,0,0,
608, 2015/1/3 2:40:00,4,0,0,0,0,0,0,0,
609, 2015/1/3 2:45:00,4,0,0,0,0,0,0,0,
610, 2015/1/3 2:50:00,4,0,0,0,0,0,0,0,
611, 2015/1/3 2:55:00,4,0,0,0,0,0,0,0,
612, 2015/1/3 3:0:00,4,0,0,0,0,0,0,0,
613, 2015/1/3 3:5:00,4,0,0,0,0,0,0,0,
614, 2015/1/3 3:10:00,4,0,0,0,0,0,0,0,
615, 2015/1/3 3:15:00,4,0,0,0,0,0,0,0,
616, 2015/1/3 3:20:00,4,0,0,0,0,0,0,0,
617, 2015/1/3 3:25:00,4,0,0,0,0,0,0,0,
618, 2015/1/3 3:30:00,4,0,0,0,0,0,0,0,
619, 2015/1/3 3:35:00,4,0,0,0,0,0,0,0,
620, 2015/1/3 3:40:00,4,0,0,0,0,0,0,0,
621, 2015/1/3 3:45:00,4,0,0,0,0,0,0,0,
622, 2015/1/3 3:50:00,4,0,0,0,0,0,0,0,
623, 2015/1/3 3:55:00,4,0,0,0,0,0,0,0,
624, 2015/1/3 4:0:00,4,0,0,0,0,0,0,0,
625, 2015/1/3 4:5:00,4,0,0,0,0,0,0,0,
626, 2015/1/3 4:10:00,4,0,0,0,0,0,0,0,
627, 2015/1/3 4:15:00,4,0,0,0,0,0,0,0,
628, 2015/1/3 4:20:00,4,0,0,0,0,0,0,0,
629, 2015/1/3 4:25:00,4,0,0,0,0,0,0,0,
630, 2015/1/3 4:30:00,4,0,0,0,0,0,0,0,
631, 2015/1/3 4:35:00,4,0,0,0,0,0,0,0,
632, 2015/1/3 4:40:00,4,0,0,0,0,0,0,0,
633, 2015/1/3 4:45:00,4,0,0,0,0,0,0,0,
634, 2015/1/3 4:50:00,4,0,0,0,0,0,0,0,
635, 2015/1/3 4:55:00,4,0,0,0,0,0,0,0,
636, 2015/1/3 5:0:00,4,0,0,0,0,0,0,0,
637, 2015/1/3 5:5:00,4,0,0,0,0,0,0,0,
638, 2015/1/3 5:10:00,4,0,0,0,0,0,0,0,
639, 2015/1/3 5:15:00,4,0,0,0,0,0,0,0,
640, 2015/1/3 5:20:00,4,0,0,0,0,0,0,0,
641, 2015/1/3 5:25:00,4,0,0,0,0,0,0,0,
642, 2015/1/3 5:30:00,4,0,0,0,0,0,0,0,
643, 2015/1/3 5:35:00,4,0,0,0,0,0,0,0,
644, 2015/1/3 5:40:00,4,0,0,0,0,0,0,0,
645, 2015/1/3 5:45:00,4,0,0,0,0,0,0,0,
646, 2015/1/3 5:50:00,4,0,0,0,0,0,0,0,
647, 2015/1/3 5:55:00,4,0,0,0,0,0,0,0,
648, 2015/1/3 6:0:00,4,0,0,0,0,0,0,0,
649, 2015/1/3 6:5:00,4,0,0,0,0,0,0,0,
650, 2015/1/3 6:10:00,4,0,0,0,0,0,0,0,
651, 2015/1/3 6:15:00,4,0,0,0,0,0,0,0,
652, 2015/1/3 6:20:00,4,0,0,0,0,0,0,0,
653, 2015/1/3 6:25:00,4,0,0,0,0,0,0,0,
654, 2015/1/3 6:30:00,4,0,0,0,0,0,0,0,
655, 2015/1/3 6:35:00,4,0,0,0,0,0,0,0,
656, 2015/1/3 6:40:00,4,0,0,0,0,0,0,0,
657, 2015/1/3 6:45:00,4,0,0,0,0,0,0,0,
658, 2015/1/3 6:50:00,4,0,0,0,0,0,0,0,
659, 2015/1/3 6:55:00,4,0,0,0,0,0,0,0,
660, 2015/1/3 7:0:00,4,0,0,0,0,0,0,0,
661, 2015/1/3 7:5:00,4,0,0,0,0,0,0,0,
662, 2015/1/3 7:10:00,4,0,0,0,0,0,0,0,
663, 2015/1/3 7:15:00,4,0,0,0,0,0,0,0,
664, 2015/1/3 7:20:00,4,0,0,0,0,0,0,0,
665, 2015/1/3 7:25:00,4,0,0,0,0,0,0,0,
666, 2015/1/3 7:30:00,4,0,0,0,0,0,0,0,
667, 2015/1/3 7:35:00,4,0,0,0,0,0,0,0,
668, 2015/1/3 7:40:00,4,0,0,0,0,0,0,0,
669, 2015/1/3 7:45:00,4,0,0,0,0,0,0,0,
670, 2015/1/3 7:50:00,4,0,0,0,0,0,0,0,
671, 2015/1/3 7:55:00,4,0,0,0,0,0,0,0,
672, 2015/1/3 8:0:00,4,0,0,0,0,0,0,0,
673, 2015/1/3 8:5:00,4,0,0,0,0,0,0,0,
674, 2015/1/3 8:10:00,4,0,0,0,0,0,0,0,
675, 2015/1/3 8:15:00,4,0,0,0,0,0,0,0,
676, 2015/1/3 8:20:00,4,0,0,0,0,0,0,0,
677, 2015/1/3 8:25:00,4,0,0,0,0,0,0,0,
678, 2015/1/3 8:30:00,4,0,0,0,0,0,0,0,
679, 2015/1/3 8:35:00,4,0,0,0,0,0,0,0,
680, 2015/1/3 8:40:00,4,0,0,0,0,0,0,0,
681, 2015/1/3 8:45:00,4,0,0,0,0,0,0,0,
682, 2015/1/3 8:50:00,4,0,0,0,0,0,0,0,
683, 2015/1/3 8:55:00,4,0,0,0,0,0,0,0,
684, 2015/1/3 9:0:00,4,0,0,0,0,0,0,0,
685, 2015/1/3 9:5:00,4,0,0,0,0,0,0,0,
686, 2015/1/3 9:10:00,4,0,0,0,0,0,0,0,
687, 2015/1/3 9:15:00,4,0,0,0,0,0,0,0,
688, 2015/1/3 9:20:00,4,0,0,0,0,0,0,0,
689, 2015/1/3 9:25:00,4,0,0,0,0,0,0,0,
690, 2015/1/3 9:30:00,4,0,0,0,0,0,0,0,
691, 2015/1/3 9:35:00,4,0,0,0,0,0,0,0,
692, 2015/1/3 9:40:00,4,0,0,0,0,0,0,0,
693, 2015/1/3 9:45:00,4,0,0,0,0,0,0,0,
694, 2015/1/3 9:50:00,4,0,0,0,0,0,0,0,
695, 2015/1/3 9:55:00,4,0,0,0,0,0,0,0,
696, 2015/1/3 10:0:00,4,0,0,0,0,0,0,0,
697, 2015/1/3 10:5:00,4,0,0,0,0,0,0,0,
698, 2015/1/3 10:10:00,4,0,0,0,0,0,0,0,
699, 2015/1/3 10:15:00,4,0,0,0,0,0,0,0,
700, 2015/1/3 10:20:00,4,0,0,0,0,0,0,0,
701, 2015/1/3 10:25:00,4,0,0,0,0,0,0,0,
702, 2015/1/3 10:30:00,4,0,0,0,0,0,0,0,
703, 2015/1/3 10:35:00,4,0,0,0,0,0,0,0,
704, 2015/1/3 10:40:00,4,0,0,0,0,0,0,0,
705, 2015/1/3 10:45:00,4,0,0,0,0,0,0,0,
706, 2015/1/3 10:50:00,4,0,0,0,0,0,0,0,
707, 2015/1/3 10:55:00,4,0,0,0,0,0,0,0,
708, 2015/1/3 11:0:00,4,0,0,0,0,0,0,0,
709, 2015/1/3 11:5:00,4,0,0,0,0,0,0,0,
710, 2015/1/3 11:10:00,4,0,0,0,0,0,0,0,
711, 2015/1/3 11:15:00,4,0,0,0,0,0,0,0,
712, 2015/1/3 11:20:00,4,0,0,0,0,0,0,0,
713, 2015/1/3 11:25:00,4,0,0,0,0,0,0,0,
714, 2015/1/3 11:30:00,4,0,0,0,0,0,0,0,
715, 2015/1/3 11:35:00,4,0,0,0,0,0,0,0,
716, 2015/1/3 11:40:00,4,0,0,0,0,0,0,0,
717, 2015/1/3 11:45:00,4,0,0,0,0,0,0,0,
718, 2015/1/3 11:50:00,4,0,0,0,0,0,0,0,
719, 2015/1/3 11:55:00,4,0,0,0,0,0,0,0,
720, 2015/1/3 12:0:00,4,0,0,0,0,0,0,0,
721, 2015/1/3 12:5:00,4,0,0,0,0,0,0,0,
722, 2015/1/3 12:10:00,4,0,0,0,0,0,0,0,
723, 2015/1/3 12:15:00,4,0,0,0,0,0,0,0,
724, 2015/1/3 12:20:00,4,0,0,0,0,0,0,0,
725, 2015/1/3 12:25:00,4,0,0,0,0,0,0,0,
726, 2015/1/3 12:30:00,4,0,0,0,0,0,0,0,
727, 2015/1/3 12:35:00,4,0,0,0,0,0,0,0,
728, 2015/1/3 12:40:00,4,0,0,0,0,0,0,0,
729, 2015/1/3 12:45:00,4,0,0,0,0,0,0,0,
730, 2015/1/3 12:50:00,4,0,0,0,0,0,0,0,
731, 2015/1/3 12:55:00,4,0,0,0,0,0,0,0,
732, 2015/1/3 13:0:00,4,0,0,0,0,0,0,0,
733, 2015/1/3 13:5:00,4,0,0,0,0,0,0,0,
734, 2015/1/3 13:10:00,4,0,0,0,0,0,0,0,
735, 2015/1/3 13:15:00,4,0,0,0,0,0,0,0,
736, 2015/1/3 13:20:00,4,0,0,0,0,0,0,0,
737, 2015/1/3 13:25:00,4,0,0,0,0,0,0,0,
738, 2015/1/3 13:30:00,4,0,0,0,0,0,0,0,
739, 2015/1/3 13:35:00,4,0,0,0,0,0,0,0,
740, 2015/1/3 13:40:00,4,0,0,0,0,0,0,0,
741, 2015/1/3 13:45:00,4,0,0,0,0,0,0,0,
742, 2015/1/3 13:50:00,4,0,0,0,0,0,0,0,
743, 2015/1/3 13:55:00,4,0,0,0,0,0,0,0,
744, 2015/1/3 14:0:00,4,0,0,0,0,0,0,0,
745, 2015/1/3 14:5:00,4,0,0,0,0,0,0,0,
746, 2015/1/3 14:10:00,4,0,0,0,0,0,0,0,
747, 2015/1/3 14:15:00,4,0,0,0,0,0,0,0,
748, 2015/1/3 14:20:00,4,0,0,0,0,0,0,0,
749, 2015/1/3 14:25:00,4,0,0,0,0,0,0,0,
750, 2015/1/3 14:30:00,4,0,0,0,0,0,0,0,
751, 2015/1/3 14:35:00,4,0,0,0,0,0,0,0,
752, 2015/1/3 14:40:00,4,0,0,0,0,0,0,0,
753, 2015/1/3 14:45:00,4,0,0,0,0,0,0,0,
754, 2015/1/3 14:50:00,4,0,0,0,0,0,0,0,
755, 2015/1/3 14:55:00,4,0,0,0,0,0,0,0,
756, 2015/1/3 15:0:00,4,0,0,0,0,0,0,0,
757, 2015/1/3 15:5:00,4,0,0,0,0,0,0,0,
758, 2015/1/3 15:10:00,4,0,0,0,0,0,0,0,
759, 2015/1/3 15:15:00,4,0,0,0,0,0,0,0,
760, 2015/1/3 15:20:00,4,0,0,0,0,0,0,0,
761, 2015/1/3 15:25:00,4,0,0,0,0,0,0,0,
762, 2015/1/3 15:30:00,4,0,0,0,0,0,0,0,
763, 2015/1/3 15:35:00,4,0,0,0,0,0,0,0,
764, 2015/1/3 15:40:00,4,0,0,0,0,0,0,0,
765, 2015/1/3 15:45:00,4,0,0,0,0,0,0,0,
766, 2015/1/3 15:50:00,4,0,0,0,0,0,0,0,
767, 2015/1/3 15:55:00,4,0,0,0,0,0,0,0,
768, 2015/1/3 16:0:00,4,0,0,0,0,0,0,0,
769, 2015/1/3 16:5:00,4,0,0,0,0,0,0,0,
770, 2015/1/3 16:10:00,4,0,0,0,0,0,0,0,
771, 2015/1/3 16:15:00,4,0,0,0,0,0,0,0,
772, 2015/1/3 16:20:00,4,0,0,0,0,0,0,0,
773, 2015/1/3 16:25:00,4,0,0,0,0,0,0,0,
774, 2015/1/3 16:30:00,4,0,0,0,0,0,0,0,
775, 2015/1/3 16:35:00,4,0,0,0,0,0,0,0,
776, 2015/1/3 16:40:00,4,0,0,0,0,0,0,0,
777, 2015/1/3 16:45:00,4,0,0,0,0,0,0,0,
778, 2015/1/3 16:50:00,4,0,0,0,0,0,0,0,
779, 2015/1/3 16:55:00,4,0,0,0,0,0,0,0,
780, 2015/1/3 17:0:00,4,0,0,0,0,0,0,0,
781, 2015/1/3 17:5:00,4,0,0,0,0,0,0,0,
782, 2015/1/3 17:10:00,4,0,0,0,0,0,0,0,
783, 2015/1/3 17:15:00,4,0,0,0,0,0,0,0,
784, 2015/1/3 17:20:00,4,0,0,0,0,0,0,0,
785, 2015/1/3 17:25:00,4,0,0,0,0,0,0,0,
786, 2015/1/3 17:30:00,4,0,0,0,0,0,0,0,
787, 2015/1/3 17:35:00,4,0,0,0,0,0,0,0,
788, 2015/1/3 17:40:00,4,0,0,0,0,0,0,0,
789, 2015/1/3 17:45:00,4,0,0,0,0,0,0,0,
790, 2015/1/3 17:50:00,4,0,0,0,0,0,0,0,
791, 2015/1/3 17:55:00,4,0,0,0,0,0,0,0,
792, 2015/1/3 18:0:00,4,0,0,0,0,0,0,0,
793, 2015/1/3 18:5:00,4,0,0,0,0,0,0,0,
794, 2015/1/3 18:10:00,4,0,0,0,0,0,0,0,
795, 2015/1/3 18:15:00,4,0,0,0,0,0,0,0,
796, 2015/1/3 18:20:00,4,0,0,0,0,0,0,0,
797, 2015/1/3 18:25:00,4,0,0,0,0,0,0,0,
798, 2015/1/3 18:30:00,4,0,0,0,0,0,0,0,
799, 2015/1/3 18:35:00,4,0,0,0,0,0,0,0,
800, 2015/1/3 18:40:00,4,0,0,0,0,0,0,0,
801, 2015/1/3 18:45:00,4,0,0,0,0,0,0,0,
802, 2015/1/3 18:50:00,4,0,0,0,0,0,0,0,
803, 2015/1/3 18:55:00,4,0,0,0,0,0,0,0,
804, 2015/1/3 19:0:00,4,0,0,0,0,0,0,0,
805, 2015/1/3 19:5:00,4,0,0,0,0,0,0,0,
806, 2015/1/3 19:10:00,4,0,0,0,0,0,0,0,
807, 2015/1/3 19:15:00,4,0,0,0,0,0,0,0,
808, 2015/1/3 19:20:00,4,0,0,0,0,0,0,0,
809, 2015/1/3 19:25:00,4,0,0,0,0,0,0,0,
810, 2015/1/3 19:30:00,4,0,0,0,0,0,0,0,
811, 2015/1/3 19:35:00,4,0,0,0,0,0,0,0,
812, 2015/1/3 19:40:00,4,0,0,0,0,0,0,0,
813, 2015/1/3 19:45:00,4,0,0,0,0,0,0,0,
814, 2015/1/3 19:50:00,4,0,0,0,0,0,0,0,
815, 2015/1/3 19:55:00,4,0,0,0,0,0,0,0,
816, 2015/1/3 20:0:00,4,0,0,0,0,0,0,0,
817, 2015/1/3 20:5:00,4,0,0,0,0,0,0,0,
818, 2015/1/3 20:10:00,4,0,0,0,0,0,0,0,
819, 2015/1/3 20:15:00,4,0,0,0,0,0,0,0,
820, 2015/1/3 20:20:00,4,0,0,0,0,0,0,0,
821, 2015/1/3 20:25:00,4,0,0,0,0,0,0,0,
822, 2015/1/3 20:30:00,4,0,0,0,0,0,0,0,
823, 2015/1/3 20:35:00,4,0,0,0,0,0,0,0,
824, 2015/1/3 20:40:00,4,0,0,0,0,0,0,0,
825, 2015/1/3 20:45:00,4,0,0,0,0,0,0,0,
826, 2015/1/3 20:50:00,4,0,0,0,0,0,0,0,
827, 2015/1/3 20:55:00,4,0,0,0,0,0,0,0,
828, 2015/1/3 21:0:00,4,0,0,0,0,0,0,0,
829, 2015/1/3 21:5:00,4,0,0,0,0,0,0,0,
830, 2015/1/3 21:10:00,4,0,0,0,0,0,0,0,
831, 2015/1/3 21:15:00,4,0,0,0,0,0,0,0,
832, 2015/1/3 21:20:00,4,0,0,0,0,0,0,0,
833, 2015/1/3 21:25:00,4,0,0,0,0,0,0,0,
834, 2015/1/3 21:30:00,4,0,0,0,0,0,0,0,
835, 2015/1/3 21:35:00,4,0,0,0,0,0,0,0,
836, 2015/1/3 21:40:00,4,0,0,0,0,0,0,0,
837, 2015/1/3 21:45:00,4,0,0,0,0,0,0,0,
838, 2015/1/3 21:50:00,4,0,0,0,0,0,0,0,
839, 2015/1/3 21:55:00,4,0,0,0,0,0,0,0,
840, 2015/1/3 22:0:00,4,0,0,0,0,0,0,0,
841, 2015/1/3 22:5:00,4,0,0,0,0,0,0,0,
842, 2015/1/3 22:10:00,4,0,0,0,0,0,0,0,
843, 2015/1/3 22:15:00,4,0,0,0,0,0,0,0,
844, 2015/1/3 22:20:00,4,0,0,0,0,0,0,0,
845, 2015/1/3 22:25:00,4,0,0,0,0,0,0,0,
846, 2015/1/3 22:30:00,4,0,0,0,0,0,0,0,
847, 2015/1/3 22:35:00,4,0,0,0,0,0,0,0,
848, 2015/1/3 22:40:00,4,0,0,0,0,0,0,0,
849, 2015/1/3 22:45:00,4,0,0,0,0,0,0,0,
850, 2015/1/3 22:50:00,4,0,0,0,0,0,0,0,
851, 2015/1/3 22:55:00,4,0,0,0,0,0,0,0,
852, 2015/1/3 23:0:00,4,0,0,0,0,0,0,0,
853, 2015/1/3 23:5:00,4,0,0,0,0,0,0,0,
854, 2015/1/3 23:10:00,4,0,0,0,0,0,0,0,
855, 2015/1/3 23:15:00,4,0,0,0,0,0,0,0,
856, 2015/1/3 23:20:00,4,0,0,0,0,0,0,0,
857, 2015/1/3 23:25:00,4,0,0,0,0,0,0,0,
858, 2015/1/3 23:30:00,4,0,0,0,0,0,0,0,
859, 2015/1/3 23:35:00,4,0,0,0,0,0,0,0,
860, 2015/1/3 23:40:00,4,0,0,0,0,0,0,0,
861, 2015/1/3 23:45:00,4,0,0,0,0,0,0,0,
862, 2015/1/3 23:50:00,4,0,0,0,0,0,0,0,
863, 2015/1/3 23:55:00,4,0,0,0,0,0,0,0,
